[
  {
    "type" :3,
    "alphabetical_size": 2,
    "task_condition": "Каким станет выражение после выполнения программы?\nВ ответе помеченные ячейке отметьте, как 1, а непомеченные - 0",
    "pointer_index": 0,
    "counter_command": 9,
    "table_rules": {
        "0":	[">", ""],
        "1":	["?", "3,1"],
        "2":	[">", ""],
        "3":	["?", "7,5"],
        "4":	["<", ""],
        "5":	["1", "1"],
        "6":	[".", ""]
    },
    "expression": {
      "0": "✔",
      "1": "✔",
      "2": "✔",
      "3": " ",
      "4": "✔",
      "5": " ",
      "6": "✔"
    },
    "answer": "1111111"
  },
  {
    "type" :3,
    "alphabetical_size": 2,
    "task_condition": "Каким станет выражение после выполнения программы?\nВ ответе помеченные ячейке отметьте, как 1, а непомеченные - 0",
    "pointer_index": 8,
    "counter_command": 9,
    "table_rules": {
    "0": ["<", "", ""],
    "1": ["?", "1,3", ""],
    "2": [">", "", ""],
    "3": ["1", "", ""],
    "4": [".", "", ""]
    },
    "expression": {
      "0": "✔",
      "1": "✔",
      "2": "✔",
      "3": "✔",
      "4": "✔",
      "5": "✔",
      "6": " ",
      "7": " ",
      "8": " "
    },
    "answer": "1111111"
  },
  {
    "type" :3,
    "alphabetical_size": 2,
    "task_condition": "Каким станет выражение после выполнения программы?\nВ ответе помеченные ячейке отметьте, как 1, а непомеченные - 0",
    "pointer_index": 0,
    "counter_command": 9,
    "table_rules": {
    "0": [">", "", ""],
    "1": ["?", "3,1", ""],
    "2": ["<", "", ""],
    "3": ["0", "", ""],
    "4": [".", "", ""]
    },
    "expression": {
      "0": "✔",
      "1": "✔",
      "2": "✔",
      "3": "✔",
      "4": "✔",
      "5": "✔"
    },
    "answer": "11111"
  },


  {
    "type" :4,
    "alphabetical_size": 2,
    "task_condition": "Добавить 1 к числу, записанному в унарной системе счисления.\nЗапишите в пустой ячейке команду или переход",
    "pointer_index": 0,
    "counter_command": 11,
    "table_rules": {
        "0":	[">", ""],
        "1":	["", "3,1"],
        "2":	["1", ""],
        "3":	[".", ""]
    },
    "expression": {
      "0": "✔",
      "1": "✔",
      "2": "✔",
      "3": "✔",
      "4": "✔"
    },
    "num_cell_row": 1,
    "num_cell_col": 0,
    "answer": "?"
  },
  {
    "type" :4,
    "alphabetical_size": 3,
    "task_condition": "Машина увеличивает на 1 число, записанное в двоичной системе счисления. Каретка стоит над числом.\nЗапишите в пустой ячейке переход, после которого следующая команду будет движение влево",
    "pointer_index": 0,
    "counter_command": 11,
    "table_rules": {
        "0":	[">", ""],
        "1":	["?", "3,1,1"],
        "2":	["<", ""],
        "3":	["<", "5,5,6"],
        "4":	["1", "7"],
        "5":	["0", ""],
        "6":	[".", ""]
    },
    "expression": {
      "-4": "1",
      "-3": "0",
      "-2": "0",
      "-1": "1",
      "0": "1"
    },
    "num_cell_row": 5,
    "num_cell_col": 1,
    "answer": "3"
  },
  {
    "type" :4,
    "alphabetical_size": 2,
    "task_condition": "Целое число записано в унарной системе счисления.\nЗапишите в пустой ячейке команду",
    "pointer_index": 0,
    "counter_command": 11,
    "table_rules": {
        "0":	["0", ""],
        "1":	[">", ""],
        "2":	["?", "8,4"],
        "3":	["0", ""],
        "4":	[">", ""],
        "5":	["", "7,1"],
        "6":	["1", ""],
        "7":	[".", ""]
    },
    "expression": {
      "0": "✔",
      "1": "✔",
      "2": "✔",
      "3": "✔",
      "4": "✔"
    },
    "num_cell_row": 5,
    "num_cell_col": 0,
    "answer": "?"
  },
  {
    "type" :4,
    "alphabetical_size": 3,
    "task_condition": "Машина заменяет все нули на единицы и все единицы на нули. Каретка стоит слева от числа.\nЗапишите в пустой ячейке команду для первого шага",
    "pointer_index": 0,
    "counter_command": 11,
    "table_rules": {
        "0":	["", ""],
        "1":	["?", ""],
        "2":	["1", "5"],
        "3":	["0", ""],
        "4":	["<", ""],
        "5":	["?", "7,3,4"],
        "6":	[".", ""]
    },
    "expression": {
      "-8": "0",
      "-7": "0",
      "-6": "0",
      "-5": "1",
      "-4": "1",
      "-3": "0",
      "-2": "0",
      "-1": "1"
    },
    "num_cell_row": 0,
    "num_cell_col": 0,
    "answer": "<"
  },
  {
    "type" :4,
    "alphabetical_size": 2,
    "task_condition": "Добавить 1 к числу, записанному в унарной системе счисления.\nЗапишите в пустой ячейке команду или переход",
    "pointer_index": 0,
    "counter_command": 11,
    "table_rules": {
        "0":	[">", ""],
        "1":	["", "3,1"],
        "2":	["1", ""],
        "3":	[".", ""]
    },
    "expression": {
      "0": "✔",
      "1": "✔",
      "2": "✔",
      "3": "✔",
      "4": "✔"
    },
    "num_cell_row": 1,
    "num_cell_col": 0,
    "answer": "?"
  },
  {
    "type" :4,
    "alphabetical_size": 3,
    "task_condition": "Машина увеличивает на 1 число, записанное в двоичной системе счисления. Каретка стоит над числом.\nЗапишите в пустой ячейке переход, после которого следующая команду будет движение влево",
    "pointer_index": 0,
    "counter_command": 11,
    "table_rules": {
        "0":	[">", ""],
        "1":	["?", "3,1,1"],
        "2":	["<", ""],
        "3":	["<", "5,5,6"],
        "4":	["1", "7"],
        "5":	["0", ""],
        "6":	[".", ""]
    },
    "expression": {
      "-4": "1",
      "-3": "0",
      "-2": "0",
      "-1": "1",
      "0": "1"
    },
    "num_cell_row": 5,
    "num_cell_col": 1,
    "answer": "3"
  },
  {
    "type" :4,
    "alphabetical_size": 2,
    "task_condition": "Целое число записано в унарной системе счисления.\nЗапишите в пустой ячейке команду",
    "pointer_index": 0,
    "counter_command": 11,
    "table_rules": {
        "0":	["0", ""],
        "1":	[">", ""],
        "2":	["?", "8,4"],
        "3":	["0", ""],
        "4":	[">", ""],
        "5":	["", "7,1"],
        "6":	["1", ""],
        "7":	[".", ""]
    },
    "expression": {
      "0": "✔",
      "1": "✔",
      "2": "✔",
      "3": "✔",
      "4": "✔"
    },
    "num_cell_row": 5,
    "num_cell_col": 0,
    "answer": "?"
  },
  {
    "type" :4,
    "alphabetical_size": 3,
    "task_condition": "Машина заменяет все нули на единицы и все единицы на нули.\nЗапишите в пустой ячейке следующий переход: если встретили 0, идем на 3, если 1 - на 4, в противном случае - на 1",
    "pointer_index": 0,
    "counter_command": 11,
    "table_rules": {
        "0":	["<", ""],
        "1":	["?", ""],
        "2":	["1", "5"],
        "3":	["0", ""],
        "4":	["<", ""],
        "5":	["?", "7,3,4"],
        "6":	[".", ""]
    },
    "expression": {
      "-8": "0",
      "-7": "0",
      "-6": "0",
      "-5": "1",
      "-4": "1",
      "-3": "0",
      "-2": "0",
      "-1": "1"
    },
    "num_cell_row": 1,
    "num_cell_col": 1,
    "answer": "1,3,4"
  },
  {
    "type" :4,
    "alphabetical_size": 3,
    "task_condition": "Машина заменяет все нули на единицы и все единицы на нули. Каретка стоит слева от числа.\nЗапишите в пустой ячейке команду для первого шага",
    "pointer_index": 0,
    "counter_command": 11,
    "table_rules": {
        "0":	["", ""],
        "1":	["?", ""],
        "2":	["1", "5"],
        "3":	["0", ""],
        "4":	["<", ""],
        "5":	["?", "7,3,4"],
        "6":	[".", ""]
    },
    "expression": {
      "-8": "0",
      "-7": "0",
      "-6": "0",
      "-5": "1",
      "-4": "1",
      "-3": "0",
      "-2": "0",
      "-1": "1"
    },
    "num_cell_row": 0,
    "num_cell_col": 0,
    "answer": "<"
  }
]