[
  {
  "type" :1,
  "alphabetical_size": 2,
  "task_condition": " Добавить 1 к числу, записанному в унарной системе счисления.\n Какой переход будет на четвертом шаге? Укажите номер строки",
  "pointer_index": 0,
  "counter_command": 11,
  "table_rules": {
      "0":	[">", ""],
      "1":	["?", "3,1"],
      "2":	["1", ""],
      "3":	[".", ""]
  },
  "expression": {
    "0": "✔",
    "1": "✔",
    "2": "✔",
    "3": "✔",
    "4": "✔"
  },
  "answer": "2"
  },
  {
    "type" :1,
    "alphabetical_size": 2,
    "task_condition": "Число записано в унарной системе, каретка стоит где-то справа от записи числа. Увеличить число на 1.\nНа каком индексе будет стоять указатель после завершения программы?",
    "pointer_index": 8,
    "counter_command": 11,
    "table_rules": {
        "0":	["<", ""],
        "1":	["?", "1,3"],
        "2":	[">", ""],
        "3":	["1", ""],
        "4":	[".", ""]
    },
    "expression": {
      "0": "✔",
      "1": "✔",
      "2": "✔",
      "3": "✔",
      "4": "✔",
      "5": "✔",
      "6": " ",
      "7": " ",
      "8": " ",
      "9": " ",
      "10": " "
    },
    "answer": "6"
  },
  {
    "type" :1,
    "alphabetical_size": 2,
    "task_condition": "Целое число записано в унарной системе счисления.\nНа каком шаге впервые сработает 3 строка",
    "pointer_index": 0,
    "counter_command": 11,
    "table_rules": {
        "0":	["0", ""],
        "1":	[">", ""],
        "2":	["?", "8,4"],
        "3":	["0", ""],
        "4":	[">", ""],
        "5":	["?", "7,1"],
        "6":	["1", ""],
        "7":	[".", ""]
    },
    "expression": {
      "0": "✔",
      "1": "✔",
      "2": "✔",
      "3": "✔",
      "4": "✔"
    },
    "answer": "3"
  },
  {
    "type" :1,
    "alphabetical_size": 2,
    "task_condition": "На каком элементе будет стоять каретка, когда программа завершится? Укажите индекс элемента",
    "pointer_index": -1,
    "counter_command": 11,
    "table_rules": {
        "0":	["<", ""],
        "1":	["?", "7,3"],
        "2":	["0", ""],
        "3":	[">", ""],
        "4":	["1", ""],
        "5":	["<", "1"],
        "6":	[".", ""]
    },
    "expression": {
      "0": " ",
      "1": "✔",
      "2": "✔",
      "3": "✔",
      "4": "✔",
      "5": "✔"
    },
    "answer": "-2"
  },
  {
    "type" :1,
    "alphabetical_size": 3,
    "task_condition": "Машина увеличивает на 1 число, записанное в двоичной системе счисления. Каретка стоит над числом.\nПосле какого шага в числе станет ровно три 0",
    "pointer_index": 0,
    "counter_command": 11,
    "table_rules": {
        "0":	[">", ""],
        "1":	["?", "3,1,1"],
        "2":	["<", ""],
        "3":	["<", "5,5,6"],
        "4":	["1", "7"],
        "5":	["0", "3"],
        "6":	[".", ""]
    },
    "expression": {
      "-4": "1",
      "-3": "0",
      "-2": "0",
      "-1": "1",
      "0": "1"
    },
    "answer": "5"
  },

  {
    "type" :2,
    "alphabetical_size": 3,
    "task_condition": "Машина увеличивает на 1 число, записанное в двоичной системе счисления. Каретка стоит над числом.\nКакое правило записано с ошибкой? Укажите номер строки, номер столбца (1 - Команда, 2 - Переход) (через запятую)",
    "pointer_index": 0,
    "counter_command": 11,
    "table_rules": {
        "0":	[">", ""],
        "1":	["?", "3,1,1"],
        "2":	["<", ""],
        "3":	["<", "5,5,6"],
        "4":	["1", "7"],
        "5":	["0", "3"],
        "6":	[".", ""]
    },
    "expression": {
      "-4": "1",
      "-3": "0",
      "-2": "0",
      "-1": "1",
      "0": "1"
    },
    "answer": "4,2"
  },
  {
    "type" :2,
    "alphabetical_size": 2,
    "task_condition": "Какое правило записано с ошибкой? Укажите номер строки, номер столбца (1 - Команда, 2 - Переход) (через запятую)",
    "pointer_index": -1,
    "counter_command": 11,
    "table_rules": {
        "0":	["<", ""],
        "1":	["?", "7,3"],
        "2":	["0", ""],
        "3":	[">", ""],
        "4":	["1", ""],
        "5":	["X", "1"],
        "6":	[".", ""]
    },
    "expression": {
      "0": " ",
      "1": "✔",
      "2": "✔",
      "3": "✔",
      "4": "✔",
      "5": "✔"
    },
    "answer": "6,1"
  },
  {
    "type" :2,
    "alphabetical_size": 2,
    "task_condition": "Целое число записано в унарной системе счисления.\nКакое правило записано с ошибкой? Укажите номер строки, номер столбца (1 - Команда, 2 - Переход) (через запятую)",
    "pointer_index": 0,
    "counter_command": 11,
    "table_rules": {
        "0":	["0", ""],
        "1":	[">", ""],
        "2":	["?", "8,4"],
        "3":	["0", ""],
        "4":	[">", ""],
        "5":	["?", "7,1,8"],
        "6":	["1", ""],
        "7":	[".", ""]
    },
    "expression": {
      "0": "✔",
      "1": "✔",
      "2": "✔",
      "3": "✔",
      "4": "✔"
    },
    "answer": "6,2"
  },
  {
    "type" :2,
    "alphabetical_size": 3,
    "task_condition": "Слева от каретки находится двоичное число.\nКакое правило записано с ошибкой? Укажите номер строки, номер столбца (1 - Команда, 2 - Переход) (через запятую)",
    "pointer_index": 0,
    "counter_command": 11,
    "table_rules": {
        "0":	[">", ""],
        "1":	["?", "1,3"],
        "2":	["X", ""],
        "3":	["<", ""],
        "4":	["?", "6,4,4"],
        "5":	[">", ""],
        "6":	["0", ""],
        "7":	[".", ""]
    },
    "expression": {
      "-6": "1",
      "-5": "1",
      "-4": "1",
      "-3": "0",
      "-2": "0",
      "-1": "1",
      "0": "1"
    },
    "answer": "1,2"
  },
  {
  "type" :2,
  "alphabetical_size": 2,
  "task_condition": "Добавить 1 к числу, записанному в унарной системе счисления.\nКакое правило записано с ошибкой? Укажите номер строки, номер столбца (1 - Команда, 2 - Переход) (через запятую)",
  "pointer_index": 0,
  "counter_command": 11,
  "table_rules": {
      "0":	[">", ""],
      "1":	["?", "3,1"],
      "2":	["1", "5"],
      "3":	[".", ""]
  },
  "expression": {
    "0": "✔",
    "1": "✔",
    "2": "✔",
    "3": "✔",
    "4": "✔"
  },
  "answer": "2,2"
  },

  {
    "type" :3,
    "alphabetical_size": 2,
    "task_condition": "Добавить 1 к числу, записанному в унарной системе счисления.\nЗапишите в пустой ячейке команду или переход",
    "pointer_index": 0,
    "counter_command": 11,
    "table_rules": {
        "0":	[">", ""],
        "1":	["", "3,1"],
        "2":	["1", ""],
        "3":	[".", ""]
    },
    "expression": {
      "0": "✔",
      "1": "✔",
      "2": "✔",
      "3": "✔",
      "4": "✔"
    },
    "num_cell_row": 1,
    "num_cell_col": 0,
    "answer": "?"
  },
  {
    "type" :3,
    "alphabetical_size": 3,
    "task_condition": "Машина увеличивает на 1 число, записанное в двоичной системе счисления. Каретка стоит над числом.\nЗапишите в пустой ячейке переход, после которого следующая команду будет движение влево",
    "pointer_index": 0,
    "counter_command": 11,
    "table_rules": {
        "0":	[">", ""],
        "1":	["?", "3,1,1"],
        "2":	["<", ""],
        "3":	["<", "5,5,6"],
        "4":	["1", "7"],
        "5":	["0", ""],
        "6":	[".", ""]
    },
    "expression": {
      "-4": "1",
      "-3": "0",
      "-2": "0",
      "-1": "1",
      "0": "1"
    },
    "num_cell_row": 5,
    "num_cell_col": 1,
    "answer": "3"
  },
  {
    "type" :3,
    "alphabetical_size": 2,
    "task_condition": "Целое число записано в унарной системе счисления.\nЗапишите в пустой ячейке команду",
    "pointer_index": 0,
    "counter_command": 11,
    "table_rules": {
        "0":	["0", ""],
        "1":	[">", ""],
        "2":	["?", "8,4"],
        "3":	["0", ""],
        "4":	[">", ""],
        "5":	["", "7,1"],
        "6":	["1", ""],
        "7":	[".", ""]
    },
    "expression": {
      "0": "✔",
      "1": "✔",
      "2": "✔",
      "3": "✔",
      "4": "✔"
    },
    "num_cell_row": 5,
    "num_cell_col": 0,
    "answer": "?"
  },
  {
    "type" :3,
    "alphabetical_size": 3,
    "task_condition": "Машина заменяет все нули на единицы и все единицы на нули.\nЗапишите в пустой ячейке следующий переход: если встретили 0, идем на 3, если 1 - на 4.",
    "pointer_index": 0,
    "counter_command": 11,
    "table_rules": {
        "0":	["<", ""],
        "1":	["?", ""],
        "2":	["1", "5"],
        "3":	["0", ""],
        "4":	["<", ""],
        "5":	["?", "7,3,4"],
        "6":	[".", ""]
    },
    "expression": {
      "-8": "0",
      "-7": "0",
      "-6": "0",
      "-5": "1",
      "-4": "1",
      "-3": "0",
      "-2": "0",
      "-1": "1"
    },
    "num_cell_row": 1,
    "num_cell_col": 1,
    "answer": "1,3,4"
  },
  {
    "type" :3,
    "alphabetical_size": 3,
    "task_condition": "Машина заменяет все нули на единицы и все единицы на нули. Каретка стоит слева от числа.\nЗапишите в пустой ячейке команду для первого шага",
    "pointer_index": 0,
    "counter_command": 11,
    "table_rules": {
        "0":	["", ""],
        "1":	["?", ""],
        "2":	["1", "5"],
        "3":	["0", ""],
        "4":	["<", ""],
        "5":	["?", "7,3,4"],
        "6":	[".", ""]
    },
    "expression": {
      "-8": "0",
      "-7": "0",
      "-6": "0",
      "-5": "1",
      "-4": "1",
      "-3": "0",
      "-2": "0",
      "-1": "1"
    },
    "num_cell_row": 0,
    "num_cell_col": 0,
    "answer": "<"
  },

  {
    "type" :4,
    "alphabetical_size": 3,
    "task_condition": "Машина заменяет все нули на единицы и все единицы на нули. Каретка стоит слева от числа\nЧто выведет программа?",
    "pointer_index": 0,
    "counter_command": 11,
    "table_rules": {
        "0":	["<", ""],
        "1":	["?", "1,3,4"],
        "2":	["1", "5"],
        "3":	["0", ""],
        "4":	["<", ""],
        "5":	["?", ""],
        "6":	[".", ""]
    },
    "expression": {
      "-8": "0",
      "-7": "0",
      "-6": "0",
      "-5": "1",
      "-4": "1",
      "-3": "0",
      "-2": "0",
      "-1": "1"
    },
    "var": ["11100110", "Ошибка: Нет команды в ячейке", "000011001", "Ошибка: Необходимо указать три адреса перехода"],
    "answer": "Ошибка: Необходимо указать два адреса перехода"
  },
  {
    "type" :4,
    "alphabetical_size": 2,
    "task_condition": "Добавить 1 к числу, записанному в унарной системе счисления.\nЧто выведет программа?",
    "pointer_index": 0,
    "counter_command": 11,
    "table_rules": {
        "0":	[">", ""],
        "1":	["", "3,1"],
        "2":	["1", ""],
        "3":	[".", ""]
    },
    "expression": {
      "0": "✔",
      "1": "✔",
      "2": "✔",
      "3": "✔",
      "4": "✔"
    },
    "var": ["✔✔✔✔✔", "Ошибка: Нет команды в ячейке", "✔✔✔✔✔✔", "Ошибка: Переход на несуществующую строку"],
    "answer": "Ошибка: Нет команды в ячейке"
  },
  {
    "type" :4,
    "alphabetical_size": 3,
    "task_condition": "Машина увеличивает на 1 число, записанное в двоичной системе счисления. Каретка стоит над числом.\nЧто выведете программа?",
    "pointer_index": 0,
    "counter_command": 11,
    "table_rules": {
        "0":	[">", ""],
        "1":	["?", "3,1,1"],
        "2":	["<", ""],
        "3":	["<", "5,5,6"],
        "4":	["1", "7"],
        "5":	["0", ""],
        "6":	[".", ""]
    },
    "expression": {
      "-4": "1",
      "-3": "0",
      "-2": "0",
      "-1": "1",
      "0": "1"
    },
    "var": ["11001", "Ошибка: Необходимо указать один адрес перехода", "110011", "Ошибка: Переход на несуществующую строку"],
    "answer": "Ошибка: Необходимо указать один адрес перехода"
  },
  {
    "type" :4,
    "alphabetical_size": 2,
    "task_condition": "Число записано в унарной системе, каретка стоит где-то справа от записи числа. Увеличить число на 1.\nЧто выведет программа?",
    "pointer_index": 5,
    "counter_command": 11,
    "table_rules": {
        "0":	["<", ""],
        "1":	["?", "1,6"],
        "2":	[">", ""],
        "3":	["1", ""],
        "4":	[".", ""]
    },
    "expression": {
      "0": "✔",
      "1": "✔",
      "2": "✔",
      "3": "✔",
      "4": "✔",
      "5": "✔"
    },
    "var": ["✔✔✔✔✔✔", "Ошибка: Необходимо указать один адрес перехода", "Ошибка: Нет команды в ячейке", "Ошибка: Переход на несуществующую строку"],
    "answer": "Ошибка: Переход на несуществующую строку"
  },
  {
    "type" :4,
    "alphabetical_size": 2,
    "task_condition": "Целое число записано в унарной системе счисления.\nЧто выведете программа?",
    "pointer_index": 0,
    "counter_command": 11,
    "table_rules": {
        "0":	["0", ""],
        "1":	["<", ""],
        "2":	["?", "8,4"],
        "3":	["0", ""],
        "4":	[">", ""],
        "5":	["", "7,1,8"],
        "6":	["1", ""],
        "7":	[".", ""]
    },
    "expression": {
      "0": "✔",
      "1": "✔",
      "2": "✔",
      "3": "✔",
      "4": "✔"
    },
    "var": ["✔✔✔✔✔✔", "Ошибка: Необходимо указать один адрес перехода", "✔✔✔✔", "Ошибка: Переход на несуществующую строку"],
    "answer": "✔✔✔✔"
  },

  {
    "type" :5,
    "alphabetical_size": 3,
    "task_condition": "Каким станет выражение после выполнения программы?",
    "pointer_index": 0,
    "counter_command": 11,
    "table_rules": {
        "0":	[">", ""],
        "1":	["?", "3,1,1"],
        "2":	["<", ""],
        "3":	["<", "5,5,6"],
        "4":	["1", "7"],
        "5":	["0", "3"],
        "6":	[".", ""]
    },
    "expression": {
      "-4": "1",
      "-3": "0",
      "-2": "0",
      "-1": "1",
      "0": "1"
    },
    "answer": "10100"
  },
  {
    "type" :5,
    "alphabetical_size": 2,
    "task_condition": "Каким станет выражение после выполнения программы? (Все помеченные ячейки в ответе следует заменить на 1) ",
    "pointer_index": 0,
    "counter_command": 11,
    "table_rules": {
        "0":	[">", ""],
        "1":	["?", "3,1"],
        "2":	[">", ""],
        "3":	["?", "7,5"],
        "4":	["<", ""],
        "5":	["1", "1"],
        "6":	[".", ""]
    },
    "expression": {
      "0": "✔",
      "1": "✔",
      "2": "✔",
      "3": " ",
      "4": "✔",
      "5": " ",
      "6": "✔"
    },
    "answer": "1111111"
  },
  {
    "type" :5,
    "alphabetical_size": 3,
    "task_condition": "Каким станет выражение после выполнения программы?",
    "pointer_index": 0,
    "counter_command": 11,
    "table_rules": {
        "0":	["<", ""],
        "1":	["?", "1,1,3"],
        "2":	["<", ""],
        "3":	["?", "7,5,6"],
        "4":	["1", "3"],
        "5":	["0", "3"],
        "6":	[".", ""]
    },
    "expression": {
      "-8": "0",
      "-7": "0",
      "-6": "0",
      "-5": "1",
      "-4": "1",
      "-3": "0",
      "-2": "0",
      "-1": "1"
    },
    "answer": "11100111"
  },
  {
    "type" :5,
    "alphabetical_size": 3,
    "task_condition": "Каким станет выражение после выполнения программы?",
    "pointer_index": 0,
    "counter_command": 11,
    "table_rules": {
        "0":	["<", ""],
        "1":	["?", "1,3,4"],
        "2":	["1", "5"],
        "3":	["0", ""],
        "4":	["<", ""],
        "5":	["?", "7,3,4"],
        "6":	[".", ""]
    },
    "expression": {
      "-7": "0",
      "-6": "0",
      "-5": "1",
      "-4": "1",
      "-3": "0",
      "-2": "0",
      "-1": "1"
    },
    "answer": "1100110"
  },
  {
    "type" :5,
    "alphabetical_size": 3,
    "task_condition": "Каким станет выражение после выполнения программы?",
    "pointer_index": 0,
    "counter_command": 11,
    "table_rules": {
        "0":	["<", ""],
        "1":	["?", "1,3,3"],
        "2":	["X", ""],
        "3":	["<", ""],
        "4":	["?", "6,4,4"],
        "5":	[">", ""],
        "6":	["0", ""],
        "7":	[".", ""]
    },
    "expression": {
      "-7": "1",
      "-6": "1",
      "-5": "0",
      "-4": "0",
      "-3": "1",
      "-2": "1",
      "-1": "1"
    },
    "answer": "010011"
  }
]